-- Companion seed data for demo operations
-- Includes:
-- 1. Users and role_permissions
-- 2. Additional Filipino grocery products beyond chichirya
-- 3. Inventory levels and batches for those products
-- 4. Realistic sample transactions and orders
--
-- Run this after schema.sql.

START TRANSACTION;

INSERT INTO categories (id, name, description, parentId, isActive)
VALUES
    ('cat-beverages', 'Beverages', 'Soft drinks, coffee, milk, and ready-to-drink items', NULL, 1),
    ('cat-canned-goods', 'Canned Goods', 'Shelf-stable canned food items', NULL, 1),
    ('cat-instant-noodles', 'Instant Noodles', 'Cup and pack noodles for quick meals', NULL, 1),
    ('cat-condiments', 'Condiments', 'Sauces and pantry flavoring essentials', NULL, 1),
    ('cat-breakfast', 'Breakfast Essentials', 'Coffee, milk, and breakfast pantry items', NULL, 1)
ON DUPLICATE KEY UPDATE
    name = VALUES(name),
    description = VALUES(description),
    parentId = VALUES(parentId),
    isActive = VALUES(isActive);

INSERT INTO suppliers (id, name, contactPerson, phone, email, address, isActive)
VALUES
    ('sup-pinoy-grocery', 'Pinoy Grocery Trading', 'Marissa Santos', '09170001111', 'orders@pinoygrocery.local', 'Calamba City, Laguna', 1),
    ('sup-bev-source', 'Beverage Source Depot', 'Joel Ramirez', '09170002222', 'sales@bevsource.local', 'Sta. Rosa City, Laguna', 1),
    ('sup-pantry-direct', 'Pantry Direct Wholesale', 'Liza Mendoza', '09170003333', 'support@pantrydirect.local', 'San Pablo City, Laguna', 1)
ON DUPLICATE KEY UPDATE
    name = VALUES(name),
    contactPerson = VALUES(contactPerson),
    phone = VALUES(phone),
    email = VALUES(email),
    address = VALUES(address),
    isActive = VALUES(isActive);

INSERT INTO users (id, email, name, role, password_hash, avatar, isActive, createdAt, lastLogin)
VALUES
    (
        'usr-admin-001',
        'admin@mystore.com',
        'Andrea Reyes',
        'admin',
        '$2y$10$7XNTBKb9c4xmeY.mpRauZuPaUR5doK6ktxgNaXgxqTWtqF8lvEu7e',
        NULL,
        1,
        '2026-04-01 08:00:00',
        '2026-04-15 08:10:00'
    ),
    (
        'usr-manager-001',
        'manager@mystore.com',
        'Marco Villanueva',
        'manager',
        '$2y$10$2AKavqWzKvbPALBkim7mxu/KhHgXUj4tPZaOSqDZPUeU.YEc2U/2C',
        NULL,
        1,
        '2026-04-01 08:15:00',
        '2026-04-15 08:20:00'
    ),
    (
        'usr-stockman-001',
        'stock@mystore.com',
        'Paolo Garcia',
        'stockman',
        '$2y$10$Z.JO9zsEGPBfAtF.cmWYCueJIoA/D98V6gso0vknGMZgFLvywzDtq',
        NULL,
        1,
        '2026-04-01 08:30:00',
        '2026-04-15 07:55:00'
    ),
    (
        'usr-cashier-001',
        'cashier@mystore.com',
        'Jessa Cruz',
        'cashier',
        '$2y$10$bPQNhbx25ryWUbSLAERVK.xO1KF80mWaAu.l.EGwj/bR4Qn26ry4O',
        NULL,
        1,
        '2026-04-01 08:45:00',
        '2026-04-15 09:00:00'
    ),
    (
        'usr-customer-001',
        'customer@mystore.com',
        'Miguel Santos',
        'customer',
        '$2y$10$IGARKNArkqMcqz4PVZDuAuFlquOz5lNmg8LGaquflaETVeLP4Gmfq',
        NULL,
        1,
        '2026-04-02 10:00:00',
        '2026-04-14 18:30:00'
    ),
    (
        'usr-customer-002',
        'ana.delosreyes@example.com',
        'Ana Dela Reyes',
        'customer',
        '$2y$10$IGARKNArkqMcqz4PVZDuAuFlquOz5lNmg8LGaquflaETVeLP4Gmfq',
        NULL,
        1,
        '2026-04-03 13:20:00',
        '2026-04-14 16:45:00'
    )
ON DUPLICATE KEY UPDATE
    email = VALUES(email),
    name = VALUES(name),
    role = VALUES(role),
    password_hash = VALUES(password_hash),
    avatar = VALUES(avatar),
    isActive = VALUES(isActive),
    createdAt = VALUES(createdAt),
    lastLogin = VALUES(lastLogin);

INSERT INTO role_permissions (role, module, action, allowed)
VALUES
    ('admin', 'dashboard', 'view', 1),
    ('admin', 'dashboard', 'create', 1),
    ('admin', 'dashboard', 'edit', 1),
    ('admin', 'dashboard', 'delete', 1),
    ('admin', 'pos', 'view', 1),
    ('admin', 'pos', 'create', 1),
    ('admin', 'pos', 'edit', 1),
    ('admin', 'pos', 'delete', 1),
    ('admin', 'inventory', 'view', 1),
    ('admin', 'inventory', 'create', 1),
    ('admin', 'inventory', 'edit', 1),
    ('admin', 'inventory', 'delete', 1),
    ('admin', 'products', 'view', 1),
    ('admin', 'products', 'create', 1),
    ('admin', 'products', 'edit', 1),
    ('admin', 'products', 'delete', 1),
    ('admin', 'suppliers', 'view', 1),
    ('admin', 'suppliers', 'create', 1),
    ('admin', 'suppliers', 'edit', 1),
    ('admin', 'suppliers', 'delete', 1),
    ('admin', 'reports', 'view', 1),
    ('admin', 'reports', 'create', 1),
    ('admin', 'reports', 'edit', 1),
    ('admin', 'reports', 'delete', 1),
    ('admin', 'users', 'view', 1),
    ('admin', 'users', 'create', 1),
    ('admin', 'users', 'edit', 1),
    ('admin', 'users', 'delete', 1),
    ('admin', 'settings', 'view', 1),
    ('admin', 'settings', 'create', 1),
    ('admin', 'settings', 'edit', 1),
    ('admin', 'settings', 'delete', 1),

    ('manager', 'dashboard', 'view', 1),
    ('manager', 'dashboard', 'create', 0),
    ('manager', 'dashboard', 'edit', 0),
    ('manager', 'dashboard', 'delete', 0),
    ('manager', 'pos', 'view', 1),
    ('manager', 'pos', 'create', 1),
    ('manager', 'pos', 'edit', 1),
    ('manager', 'pos', 'delete', 0),
    ('manager', 'inventory', 'view', 1),
    ('manager', 'inventory', 'create', 1),
    ('manager', 'inventory', 'edit', 1),
    ('manager', 'inventory', 'delete', 0),
    ('manager', 'products', 'view', 1),
    ('manager', 'products', 'create', 1),
    ('manager', 'products', 'edit', 1),
    ('manager', 'products', 'delete', 0),
    ('manager', 'suppliers', 'view', 1),
    ('manager', 'suppliers', 'create', 1),
    ('manager', 'suppliers', 'edit', 1),
    ('manager', 'suppliers', 'delete', 0),
    ('manager', 'reports', 'view', 1),
    ('manager', 'reports', 'create', 0),
    ('manager', 'reports', 'edit', 0),
    ('manager', 'reports', 'delete', 0),
    ('manager', 'users', 'view', 1),
    ('manager', 'users', 'create', 0),
    ('manager', 'users', 'edit', 0),
    ('manager', 'users', 'delete', 0),
    ('manager', 'settings', 'view', 1),
    ('manager', 'settings', 'create', 0),
    ('manager', 'settings', 'edit', 0),
    ('manager', 'settings', 'delete', 0),

    ('stockman', 'dashboard', 'view', 1),
    ('stockman', 'dashboard', 'create', 0),
    ('stockman', 'dashboard', 'edit', 0),
    ('stockman', 'dashboard', 'delete', 0),
    ('stockman', 'pos', 'view', 0),
    ('stockman', 'pos', 'create', 0),
    ('stockman', 'pos', 'edit', 0),
    ('stockman', 'pos', 'delete', 0),
    ('stockman', 'inventory', 'view', 1),
    ('stockman', 'inventory', 'create', 1),
    ('stockman', 'inventory', 'edit', 1),
    ('stockman', 'inventory', 'delete', 0),
    ('stockman', 'products', 'view', 1),
    ('stockman', 'products', 'create', 1),
    ('stockman', 'products', 'edit', 1),
    ('stockman', 'products', 'delete', 0),
    ('stockman', 'suppliers', 'view', 1),
    ('stockman', 'suppliers', 'create', 0),
    ('stockman', 'suppliers', 'edit', 0),
    ('stockman', 'suppliers', 'delete', 0),
    ('stockman', 'reports', 'view', 0),
    ('stockman', 'reports', 'create', 0),
    ('stockman', 'reports', 'edit', 0),
    ('stockman', 'reports', 'delete', 0),
    ('stockman', 'users', 'view', 0),
    ('stockman', 'users', 'create', 0),
    ('stockman', 'users', 'edit', 0),
    ('stockman', 'users', 'delete', 0),
    ('stockman', 'settings', 'view', 0),
    ('stockman', 'settings', 'create', 0),
    ('stockman', 'settings', 'edit', 0),
    ('stockman', 'settings', 'delete', 0),

    ('cashier', 'dashboard', 'view', 1),
    ('cashier', 'dashboard', 'create', 0),
    ('cashier', 'dashboard', 'edit', 0),
    ('cashier', 'dashboard', 'delete', 0),
    ('cashier', 'pos', 'view', 1),
    ('cashier', 'pos', 'create', 1),
    ('cashier', 'pos', 'edit', 1),
    ('cashier', 'pos', 'delete', 0),
    ('cashier', 'inventory', 'view', 1),
    ('cashier', 'inventory', 'create', 0),
    ('cashier', 'inventory', 'edit', 0),
    ('cashier', 'inventory', 'delete', 0),
    ('cashier', 'products', 'view', 1),
    ('cashier', 'products', 'create', 0),
    ('cashier', 'products', 'edit', 0),
    ('cashier', 'products', 'delete', 0),
    ('cashier', 'suppliers', 'view', 0),
    ('cashier', 'suppliers', 'create', 0),
    ('cashier', 'suppliers', 'edit', 0),
    ('cashier', 'suppliers', 'delete', 0),
    ('cashier', 'reports', 'view', 0),
    ('cashier', 'reports', 'create', 0),
    ('cashier', 'reports', 'edit', 0),
    ('cashier', 'reports', 'delete', 0),
    ('cashier', 'users', 'view', 0),
    ('cashier', 'users', 'create', 0),
    ('cashier', 'users', 'edit', 0),
    ('cashier', 'users', 'delete', 0),
    ('cashier', 'settings', 'view', 0),
    ('cashier', 'settings', 'create', 0),
    ('cashier', 'settings', 'edit', 0),
    ('cashier', 'settings', 'delete', 0),

    ('customer', 'dashboard', 'view', 0),
    ('customer', 'dashboard', 'create', 0),
    ('customer', 'dashboard', 'edit', 0),
    ('customer', 'dashboard', 'delete', 0),
    ('customer', 'pos', 'view', 0),
    ('customer', 'pos', 'create', 0),
    ('customer', 'pos', 'edit', 0),
    ('customer', 'pos', 'delete', 0),
    ('customer', 'inventory', 'view', 0),
    ('customer', 'inventory', 'create', 0),
    ('customer', 'inventory', 'edit', 0),
    ('customer', 'inventory', 'delete', 0),
    ('customer', 'products', 'view', 1),
    ('customer', 'products', 'create', 0),
    ('customer', 'products', 'edit', 0),
    ('customer', 'products', 'delete', 0),
    ('customer', 'suppliers', 'view', 0),
    ('customer', 'suppliers', 'create', 0),
    ('customer', 'suppliers', 'edit', 0),
    ('customer', 'suppliers', 'delete', 0),
    ('customer', 'reports', 'view', 0),
    ('customer', 'reports', 'create', 0),
    ('customer', 'reports', 'edit', 0),
    ('customer', 'reports', 'delete', 0),
    ('customer', 'users', 'view', 0),
    ('customer', 'users', 'create', 0),
    ('customer', 'users', 'edit', 0),
    ('customer', 'users', 'delete', 0),
    ('customer', 'settings', 'view', 0),
    ('customer', 'settings', 'create', 0),
    ('customer', 'settings', 'edit', 0),
    ('customer', 'settings', 'delete', 0)
ON DUPLICATE KEY UPDATE
    allowed = VALUES(allowed);

INSERT INTO products (
    id,
    sku,
    name,
    description,
    categoryId,
    supplierId,
    costPrice,
    wholesalePrice,
    retailPrice,
    images,
    isActive
)
VALUES
    (
        'prd-coke-mismo',
        'BEV-COKE-MISMO-295ML',
        'Coca-Cola Mismo 295ml',
        'Ready-to-drink soft drink in a small PET bottle.',
        'cat-beverages',
        'sup-bev-source',
        12.00,
        15.00,
        18.00,
        '[]',
        1
    ),
    (
        'prd-kopiko-brown',
        'BRK-KOPIKO-BROWN-30G',
        'Kopiko Brown Twin Pack',
        'Sweet 3-in-1 coffee mix twin pack sachet.',
        'cat-breakfast',
        'sup-pantry-direct',
        13.50,
        16.50,
        20.00,
        '[]',
        1
    ),
    (
        'prd-bearbrand-sachet',
        'BRK-BEARBRAND-33G',
        'Bear Brand Fortified Sachet 33g',
        'Powdered milk drink sachet.',
        'cat-breakfast',
        'sup-pantry-direct',
        11.00,
        14.00,
        16.00,
        '[]',
        1
    ),
    (
        'prd-luckymepc-chilimansi',
        'NDL-PC-CHILIMANSI-80G',
        'Lucky Me Pancit Canton Chilimansi',
        'Dry instant noodles with chilimansi flavor.',
        'cat-instant-noodles',
        'sup-pinoy-grocery',
        13.00,
        16.50,
        19.00,
        '[]',
        1
    ),
    (
        'prd-cupnoodles-beef',
        'NDL-CUP-BEEF-60G',
        'Nissin Cup Noodles Beef',
        'Instant cup noodles with beef flavor broth.',
        'cat-instant-noodles',
        'sup-pinoy-grocery',
        18.00,
        23.00,
        27.00,
        '[]',
        1
    ),
    (
        'prd-century-tuna-hotspicy',
        'CAN-TUNA-HOTSPICY-180G',
        'Century Tuna Hot and Spicy 180g',
        'Canned tuna flakes in oil with spicy seasoning.',
        'cat-canned-goods',
        'sup-pinoy-grocery',
        34.00,
        40.00,
        45.00,
        '[]',
        1
    ),
    (
        'prd-argentina-cornedbeef',
        'CAN-CB-ARG-150G',
        'Argentina Corned Beef 150g',
        'Affordable canned corned beef staple.',
        'cat-canned-goods',
        'sup-pinoy-grocery',
        26.00,
        31.00,
        35.00,
        '[]',
        1
    ),
    (
        'prd-vienna-sausage',
        'CAN-VIENNA-130G',
        'Purefoods Vienna Sausage 130g',
        'Classic canned sausage for meals and baon.',
        'cat-canned-goods',
        'sup-pinoy-grocery',
        29.00,
        34.00,
        39.00,
        '[]',
        1
    ),
    (
        'prd-datupoti-soysauce',
        'CON-SOY-DP-1L',
        'Datu Puti Soy Sauce 1L',
        'All-purpose soy sauce for cooking and dipping.',
        'cat-condiments',
        'sup-pantry-direct',
        42.00,
        49.00,
        56.00,
        '[]',
        1
    ),
    (
        'prd-ufc-bananacatsup',
        'CON-UFC-BANANA-550G',
        'UFC Banana Catsup 550g',
        'Sweet banana ketchup for fried dishes and merienda.',
        'cat-condiments',
        'sup-pantry-direct',
        36.00,
        42.00,
        48.00,
        '[]',
        1
    )
ON DUPLICATE KEY UPDATE
    name = VALUES(name),
    description = VALUES(description),
    categoryId = VALUES(categoryId),
    supplierId = VALUES(supplierId),
    costPrice = VALUES(costPrice),
    wholesalePrice = VALUES(wholesalePrice),
    retailPrice = VALUES(retailPrice),
    images = VALUES(images),
    isActive = VALUES(isActive);

INSERT INTO inventory_levels (
    id,
    productId,
    variantId,
    wholesaleQty,
    retailQty,
    shelfQty,
    wholesaleUnit,
    retailUnit,
    shelfUnit,
    pcsPerPack,
    packsPerBox,
    shelfRestockLevel
)
VALUES
    ('inv-coke-mismo', 'prd-coke-mismo', NULL, 25, 60, 24, 'case', 'bottle', 'pack', 1, 24, 20),
    ('inv-kopiko-brown', 'prd-kopiko-brown', NULL, 20, 50, 30, 'box', 'pack', 'pack', 1, 24, 18),
    ('inv-bearbrand-sachet', 'prd-bearbrand-sachet', NULL, 18, 40, 24, 'box', 'sachet', 'pack', 1, 24, 16),
    ('inv-luckymepc-chilimansi', 'prd-luckymepc-chilimansi', NULL, 22, 48, 30, 'box', 'pack', 'pack', 1, 24, 18),
    ('inv-cupnoodles-beef', 'prd-cupnoodles-beef', NULL, 16, 30, 18, 'case', 'cup', 'pack', 1, 12, 10),
    ('inv-century-tuna-hotspicy', 'prd-century-tuna-hotspicy', NULL, 14, 28, 18, 'case', 'can', 'pack', 1, 12, 10),
    ('inv-argentina-cornedbeef', 'prd-argentina-cornedbeef', NULL, 16, 32, 18, 'case', 'can', 'pack', 1, 12, 10),
    ('inv-vienna-sausage', 'prd-vienna-sausage', NULL, 14, 26, 16, 'case', 'can', 'pack', 1, 12, 8),
    ('inv-datupoti-soysauce', 'prd-datupoti-soysauce', NULL, 12, 24, 12, 'case', 'bottle', 'pack', 1, 12, 8),
    ('inv-ufc-bananacatsup', 'prd-ufc-bananacatsup', NULL, 12, 24, 12, 'case', 'bottle', 'pack', 1, 12, 8)
ON DUPLICATE KEY UPDATE
    wholesaleQty = VALUES(wholesaleQty),
    retailQty = VALUES(retailQty),
    shelfQty = VALUES(shelfQty),
    wholesaleUnit = VALUES(wholesaleUnit),
    retailUnit = VALUES(retailUnit),
    shelfUnit = VALUES(shelfUnit),
    pcsPerPack = VALUES(pcsPerPack),
    packsPerBox = VALUES(packsPerBox),
    shelfRestockLevel = VALUES(shelfRestockLevel);

INSERT INTO product_batches (
    id,
    productId,
    variantId,
    batchNumber,
    expirationDate,
    manufacturingDate,
    receivedDate,
    wholesaleQty,
    retailQty,
    shelfQty,
    initialQty,
    costPrice,
    supplierId,
    invoiceNumber,
    status,
    notes
)
VALUES
    ('bat-coke-mismo-001', 'prd-coke-mismo', NULL, 'BEV-COKE-2026-001', '2026-12-31', '2026-03-30', '2026-04-08', 25, 60, 24, 109, 12.00, 'sup-bev-source', 'PIN-OPS-2001', 'active', 'Soft drink opening stock'),
    ('bat-kopiko-brown-001', 'prd-kopiko-brown', NULL, 'BRK-KOPIKO-2026-001', '2027-02-28', '2026-03-15', '2026-04-08', 20, 50, 30, 100, 13.50, 'sup-pantry-direct', 'PIN-OPS-2002', 'active', 'Coffee mix opening stock'),
    ('bat-bearbrand-sachet-001', 'prd-bearbrand-sachet', NULL, 'BRK-BEAR-2026-001', '2027-01-31', '2026-03-10', '2026-04-08', 18, 40, 24, 82, 11.00, 'sup-pantry-direct', 'PIN-OPS-2003', 'active', 'Milk sachet opening stock'),
    ('bat-luckymepc-chilimansi-001', 'prd-luckymepc-chilimansi', NULL, 'NDL-PC-2026-001', '2027-03-15', '2026-03-20', '2026-04-08', 22, 48, 30, 100, 13.00, 'sup-pinoy-grocery', 'PIN-OPS-2004', 'active', 'Pancit Canton opening stock'),
    ('bat-cupnoodles-beef-001', 'prd-cupnoodles-beef', NULL, 'NDL-CUP-2026-001', '2027-02-15', '2026-03-18', '2026-04-08', 16, 30, 18, 64, 18.00, 'sup-pinoy-grocery', 'PIN-OPS-2005', 'active', 'Cup noodles opening stock'),
    ('bat-century-tuna-hotspicy-001', 'prd-century-tuna-hotspicy', NULL, 'CAN-TUNA-2026-001', '2027-04-30', '2026-03-12', '2026-04-08', 14, 28, 18, 60, 34.00, 'sup-pinoy-grocery', 'PIN-OPS-2006', 'active', 'Century Tuna opening stock'),
    ('bat-argentina-cornedbeef-001', 'prd-argentina-cornedbeef', NULL, 'CAN-CB-2026-001', '2027-03-31', '2026-03-14', '2026-04-08', 16, 32, 18, 66, 26.00, 'sup-pinoy-grocery', 'PIN-OPS-2007', 'active', 'Corned beef opening stock'),
    ('bat-vienna-sausage-001', 'prd-vienna-sausage', NULL, 'CAN-VIENNA-2026-001', '2027-05-31', '2026-03-16', '2026-04-08', 14, 26, 16, 56, 29.00, 'sup-pinoy-grocery', 'PIN-OPS-2008', 'active', 'Vienna sausage opening stock'),
    ('bat-datupoti-soysauce-001', 'prd-datupoti-soysauce', NULL, 'CON-SOY-2026-001', '2027-06-30', '2026-03-05', '2026-04-08', 12, 24, 12, 48, 42.00, 'sup-pantry-direct', 'PIN-OPS-2009', 'active', 'Soy sauce opening stock'),
    ('bat-ufc-bananacatsup-001', 'prd-ufc-bananacatsup', NULL, 'CON-UFC-2026-001', '2027-04-15', '2026-03-08', '2026-04-08', 12, 24, 12, 48, 36.00, 'sup-pantry-direct', 'PIN-OPS-2010', 'active', 'Banana catsup opening stock')
ON DUPLICATE KEY UPDATE
    batchNumber = VALUES(batchNumber),
    expirationDate = VALUES(expirationDate),
    manufacturingDate = VALUES(manufacturingDate),
    receivedDate = VALUES(receivedDate),
    wholesaleQty = VALUES(wholesaleQty),
    retailQty = VALUES(retailQty),
    shelfQty = VALUES(shelfQty),
    initialQty = VALUES(initialQty),
    costPrice = VALUES(costPrice),
    supplierId = VALUES(supplierId),
    invoiceNumber = VALUES(invoiceNumber),
    status = VALUES(status),
    notes = VALUES(notes);

INSERT INTO transactions (
    id,
    invoiceNo,
    subtotal,
    discount,
    total,
    paymentType,
    cashierId,
    status,
    createdAt
)
VALUES
    ('txn-20260415-001', 'INV-20260415-0001', 72.00, 0.00, 72.00, 'cash', 'usr-cashier-001', 'completed', '2026-04-15 09:05:00'),
    ('txn-20260415-002', 'INV-20260415-0002', 92.00, 7.00, 85.00, 'gcash', 'usr-cashier-001', 'completed', '2026-04-15 10:18:00'),
    ('txn-20260415-003', 'INV-20260415-0003', 101.00, 0.00, 101.00, 'gcash', 'usr-cashier-001', 'completed', '2026-04-15 11:42:00'),
    ('txn-20260415-004', 'INV-20260415-0004', 139.00, 9.00, 130.00, 'cash', 'usr-cashier-001', 'completed', '2026-04-15 13:07:00')
ON DUPLICATE KEY UPDATE
    subtotal = VALUES(subtotal),
    discount = VALUES(discount),
    total = VALUES(total),
    paymentType = VALUES(paymentType),
    cashierId = VALUES(cashierId),
    status = VALUES(status),
    createdAt = VALUES(createdAt);

INSERT INTO transaction_items (
    id,
    transactionId,
    productId,
    variantId,
    productName,
    variantName,
    quantity,
    unitPrice,
    subtotal
)
VALUES
    ('txi-20260415-001', 'txn-20260415-001', 'prd-luckymepc-chilimansi', NULL, 'Lucky Me Pancit Canton Chilimansi', NULL, 2, 19.00, 38.00),
    ('txi-20260415-002', 'txn-20260415-001', 'prd-coke-mismo', NULL, 'Coca-Cola Mismo 295ml', NULL, 1, 18.00, 18.00),
    ('txi-20260415-003', 'txn-20260415-001', 'prd-bearbrand-sachet', NULL, 'Bear Brand Fortified Sachet 33g', NULL, 1, 16.00, 16.00),
    ('txi-20260415-004', 'txn-20260415-003', 'prd-kopiko-brown', NULL, 'Kopiko Brown Twin Pack', NULL, 2, 20.00, 40.00),
    ('txi-20260415-005', 'txn-20260415-003', 'prd-century-tuna-hotspicy', NULL, 'Century Tuna Hot and Spicy 180g', NULL, 1, 45.00, 45.00),
    ('txi-20260415-006', 'txn-20260415-003', 'prd-bearbrand-sachet', NULL, 'Bear Brand Fortified Sachet 33g', NULL, 1, 16.00, 16.00),
    ('txi-20260415-007', 'txn-20260415-002', 'prd-cupnoodles-beef', NULL, 'Nissin Cup Noodles Beef', NULL, 2, 27.00, 54.00),
    ('txi-20260415-008', 'txn-20260415-002', 'prd-coke-mismo', NULL, 'Coca-Cola Mismo 295ml', NULL, 1, 18.00, 18.00),
    ('txi-20260415-009', 'txn-20260415-002', 'prd-kopiko-brown', NULL, 'Kopiko Brown Twin Pack', NULL, 1, 20.00, 20.00)
ON DUPLICATE KEY UPDATE
    transactionId = VALUES(transactionId),
    productId = VALUES(productId),
    variantId = VALUES(variantId),
    productName = VALUES(productName),
    variantName = VALUES(variantName),
    quantity = VALUES(quantity),
    unitPrice = VALUES(unitPrice),
    subtotal = VALUES(subtotal);

INSERT INTO transaction_items (
    id,
    transactionId,
    productId,
    variantId,
    productName,
    variantName,
    quantity,
    unitPrice,
    subtotal
)
VALUES
    ('txi-20260415-011', 'txn-20260415-004', 'prd-argentina-cornedbeef', NULL, 'Argentina Corned Beef 150g', NULL, 1, 35.00, 35.00),
    ('txi-20260415-012', 'txn-20260415-004', 'prd-datupoti-soysauce', NULL, 'Datu Puti Soy Sauce 1L', NULL, 1, 56.00, 56.00),
    ('txi-20260415-013', 'txn-20260415-004', 'prd-ufc-bananacatsup', NULL, 'UFC Banana Catsup 550g', NULL, 1, 48.00, 48.00)
ON DUPLICATE KEY UPDATE
    transactionId = VALUES(transactionId),
    productId = VALUES(productId),
    variantId = VALUES(variantId),
    productName = VALUES(productName),
    variantName = VALUES(variantName),
    quantity = VALUES(quantity),
    unitPrice = VALUES(unitPrice),
    subtotal = VALUES(subtotal);

INSERT INTO orders (
    id,
    orderNo,
    source,
    customerName,
    customerPhone,
    total,
    paymentMethod,
    status,
    notes,
    createdAt
)
VALUES
    (
        'ord-20260415-001',
        'ORD-20260415-0001',
        'website',
        'Miguel Santos',
        '09181234567',
        119.00,
        'gcash',
        'pending',
        'Please deliver after 5 PM.',
        '2026-04-15 08:30:00'
    ),
    (
        'ord-20260415-002',
        'ORD-20260415-0002',
        'facebook',
        'Ana Dela Reyes',
        '09182345678',
        104.00,
        'cash',
        'preparing',
        'For same-day pickup.',
        '2026-04-15 09:50:00'
    ),
    (
        'ord-20260415-003',
        'ORD-20260415-0003',
        'sms',
        'Rico Navarro',
        '09183456789',
        157.00,
        'gcash',
        'ready',
        'Customer will pick up before lunch.',
        '2026-04-15 10:40:00'
    )
ON DUPLICATE KEY UPDATE
    source = VALUES(source),
    customerName = VALUES(customerName),
    customerPhone = VALUES(customerPhone),
    total = VALUES(total),
    paymentMethod = VALUES(paymentMethod),
    status = VALUES(status),
    notes = VALUES(notes),
    createdAt = VALUES(createdAt);

INSERT INTO order_items (
    id,
    orderId,
    productId,
    variantId,
    productName,
    variantName,
    quantity,
    unitPrice
)
VALUES
    ('ori-20260415-001', 'ord-20260415-001', 'prd-coke-mismo', NULL, 'Coca-Cola Mismo 295ml', NULL, 2, 18.00),
    ('ori-20260415-002', 'ord-20260415-001', 'prd-luckymepc-chilimansi', NULL, 'Lucky Me Pancit Canton Chilimansi', NULL, 2, 19.00),
    ('ori-20260415-003', 'ord-20260415-001', 'prd-century-tuna-hotspicy', NULL, 'Century Tuna Hot and Spicy 180g', NULL, 1, 45.00),
    ('ori-20260415-004', 'ord-20260415-002', 'prd-kopiko-brown', NULL, 'Kopiko Brown Twin Pack', NULL, 2, 20.00),
    ('ori-20260415-005', 'ord-20260415-002', 'prd-bearbrand-sachet', NULL, 'Bear Brand Fortified Sachet 33g', NULL, 1, 16.00),
    ('ori-20260415-006', 'ord-20260415-002', 'prd-ufc-bananacatsup', NULL, 'UFC Banana Catsup 550g', NULL, 1, 48.00),
    ('ori-20260415-008', 'ord-20260415-003', 'prd-argentina-cornedbeef', NULL, 'Argentina Corned Beef 150g', NULL, 1, 35.00),
    ('ori-20260415-009', 'ord-20260415-003', 'prd-datupoti-soysauce', NULL, 'Datu Puti Soy Sauce 1L', NULL, 1, 56.00),
    ('ori-20260415-010', 'ord-20260415-003', 'prd-vienna-sausage', NULL, 'Purefoods Vienna Sausage 130g', NULL, 1, 39.00),
    ('ori-20260415-011', 'ord-20260415-003', 'prd-cupnoodles-beef', NULL, 'Nissin Cup Noodles Beef', NULL, 1, 27.00)
ON DUPLICATE KEY UPDATE
    orderId = VALUES(orderId),
    productId = VALUES(productId),
    variantId = VALUES(variantId),
    productName = VALUES(productName),
    variantName = VALUES(variantName),
    quantity = VALUES(quantity),
    unitPrice = VALUES(unitPrice);

COMMIT;
